First Name,Last Name,Total Relevant Publications,Most Recent Publication Date,Matching MeSH Topics
David,Hodgson,2,2026 Feb,
Abi,Vijenthira,1,2026 Feb,
Alexander,Crum,1,2026 Feb,
Amit,Tandon,1,2026 Feb,
Amit,Singnurkar,1,2026 Feb,
Amy,Parent,1,2026 Feb,
Anca,Prica,1,2026 Feb,
Angela,M Stover,1,2026 Mar,
Aruz,Mesci,1,2026 Feb,
Brian,Bourbeau,1,2026 Mar,
C,Chen,1,2026 Feb,
Celia,Diez de Los Rios de la Serna,1,2026 Feb,
Courtney,P Williams,1,2026 Mar,
Dana,Keilty,1,2026 Feb,
Danielle,Rodin,1,2026 Feb,
David,G Kirsch,1,2026 Feb,
Donna,Liao,1,2026 Feb,
Ethan,Basch,1,2026 Mar,
Ezra,Hahn,1,2026 Feb,
Gabrielle,B Rocque,1,2026 Mar,
H,Yu,1,2026 Feb,
Inciser,Seyma Pasalak,1,2026 Feb,
J,W Zuo,1,2026 Feb,
J,L Bai,1,2026 Feb,
Jae,Berm Park,1,2026 Feb,
Jelena,Lukovic,1,2026 Feb,
Jennifer,Jansen,1,2026 Mar,
Jeong,Il Yu,1,2026 Feb,
Jillian,Tsai,1,2026 Feb,
John,Kuruvilla,1,2026 Feb,
Jong,Yun Baek,1,2026 Feb,
Joshua,Palmer,1,2026 Feb,
Kari,Flaute,1,2026 Feb,
Katie,Boyke,1,2026 Mar,
Kyle,Wu,1,2026 Feb,
Kyo,Won Lee,1,2026 Feb,
Laura,A Dawson,1,2026 Feb,
Mahmood,Aminilari,1,2026 Feb,
Marshall,Harrell,1,2026 Feb,
Matthew,Cheung,1,2026 Feb,
May,Tsao,1,2026 Feb,
Meghan,C O'Leary,1,2026 Mar,
Memnun,Seven,1,2026 Feb,
Michael,Crump,1,2026 Feb,
Monica,Serban,1,2026 Feb,
Naiyuan,Liu,1,2026 Feb,
Nalee,Kim,1,2026 Feb,
Nauman,Malik,1,2026 Feb,
Nichola,McNamara,1,2026 Feb,
Nicole,Lynn Henderson,1,2026 Mar,
Peter,Chung,1,2026 Feb,
Philip,Carr,1,2026 Mar,
Philip,Wong,1,2026 Feb,
R,Y Huang,1,2026 Feb,
Robert,Kridel,1,2026 Feb,
S,M Ni,1,2026 Feb,
Sita,Bhella,1,2026 Feb,
Stephanie,B Wheeler,1,2026 Mar,
Stephanie,Crist,1,2026 Mar,
Stephen,Grubbs,1,2026 Mar,
Tanvi,V Padalkar,1,2026 Mar,
Tugce,Kutuk,1,2026 Feb,
Ur,Metser,1,2026 Feb,
Veng,Jean Heng,1,2026 Feb,
Vishal,Kukreti,1,2026 Feb,
Wenhu,Zhou,1,2026 Feb,
X,X Kong,1,2026 Feb,
Xiang,Y Ye,1,2026 Feb,
Y,F Wang,1,2026 Feb,
Yanhui,Li,1,2026 Feb,
Yat,Tsang,1,2026 Feb,
Z,H Zhong,1,2026 Feb,
